model,bits,method,centered_rmse,centered_relative_l2_percent,top1_agreement_percent,mean_kl_from_fp16
gpt2,4,current_hp1,3.376575148810222,112.48194907261588,37.5,3.484747735756385
gpt2,4,exact_top3_columns,0.8414930658849304,28.032185279566566,79.6875,0.09105590429407123
gpt2,4,exact_mean_bias,1.2173624261926863,40.55330990461484,65.625,0.46400601772110717
gpt2,4,exact_principal1,0.5642698897577451,18.797205513197532,79.6875,0.06707541996500496
gpt2,4,exact_principal3,0.40194624817309554,13.389809325838959,81.25,0.03621680080676864
gpt2,4,rescale_then_requantize,1.0770222441771828,35.878236343206964,62.5,0.4883736656890265
gpt2,4,rotate_then_requantize,4.28528379882869,142.75324930688998,18.75,6.23103012657018
gpt2,4,vocab_center_then_requantize,0.7398928315884817,24.64763381062448,81.25,0.05952133296232337
gpt2,8,current_hp1,0.2417068994586605,8.051846014737405,90.625,0.02544875719154836
gpt2,8,exact_top3_columns,0.0538189652310004,1.7928409229651996,100.0,0.000763622509869341
gpt2,8,exact_mean_bias,0.09342249824287974,3.1121311466427435,98.4375,0.0018334720395191872
gpt2,8,exact_principal1,0.04346321187313426,1.4478655350433536,98.4375,0.0004760350687254412
gpt2,8,exact_principal3,0.02504971738297374,0.8344671481539229,100.0,0.00016170902228799258
gpt2,8,rescale_then_requantize,0.11363397262261603,3.7854246264769023,95.3125,0.005233907917187749
gpt2,8,rotate_then_requantize,0.267458878681086,8.909707216623165,95.3125,0.016384901576902536
gpt2,8,vocab_center_then_requantize,0.17092167156610338,5.693817524919947,98.4375,0.010095520169500499
llama,4,current_hp1,0.29615823606747804,12.02949710198143,95.3125,0.02204415404825332
llama,4,exact_top3_columns,0.2938366769185167,11.935198900366847,95.3125,0.02249702976779924
llama,4,exact_mean_bias,0.24590395647089358,9.988244699898855,96.875,0.015160091962229527
llama,4,exact_principal1,0.24026212440434624,9.759082062399441,96.875,0.014447595051446825
llama,4,exact_principal3,0.23358170038648426,9.487733399502329,96.875,0.013994260879718435
llama,4,vocab_center_then_requantize,0.26260376734416935,10.666565617700163,93.75,0.026456573603968574
llama,8,current_hp1,0.01938058569158181,0.7872099135492779,100.0,9.143096716570601e-05
llama,8,exact_top3_columns,0.019200908582400627,0.7799117026573985,100.0,8.934196638845531e-05
llama,8,exact_mean_bias,0.015995902980953408,0.6497292498362688,100.0,8.01263597228582e-05
llama,8,exact_principal1,0.01566851850274967,0.6364313902728147,100.0,6.862624110519114e-05
llama,8,exact_principal3,0.015225378536208973,0.6184317188334599,100.0,6.660765255280828e-05
llama,8,vocab_center_then_requantize,0.016266855630334757,0.6607349343439398,100.0,0.0001112028743975306
