precision,layer,count,mean,mean_abs,rms,std,min,max,max_abs,zero_fraction,zeroed_nonzero_count,zeroed_nonzero_fraction,p50_abs_approx,p99_abs_approx,p999_abs_approx,rmse,max_abs_error,relative_l2_error,cosine,sqnr_db,outside_histogram
FP16,auxiliary,67616,0.4772857515507969,0.47866470500569214,0.7497591177742298,0.5782188565346018,-0.62890625,32.0,32.0,0.0,0,0.0,0.42476643524116636,2.585129571768798,2.8093135727429934,0.0,0.0,0.0,1.0,,0
FP16,E,262668288,-0.00010652810797473067,0.017225548909375117,0.02190679554603138,0.021906536532684293,-0.302734375,0.345703125,0.345703125,1.1154753481318613e-06,0,0.0,0.014245729015699603,0.06006253038781095,0.08371506973442444,0.0,0.0,0.0,1.0,,0
FP16,B00,60817408,1.8656584247451221e-06,0.01504426034290026,0.020451724581001474,0.020451724495906418,-0.70703125,0.65625,0.70703125,1.4469541352370689e-06,0,0.0,0.01172299379826113,0.06239485921287323,0.1222420733170845,0.0,0.0,0.0,1.0,,0
FP16,B01,60817408,6.291887721208068e-06,0.014735049670859184,0.01945497750048821,0.01945497648306601,-1.125,1.0234375,1.125,1.3647408320985992e-06,0,0.0,0.011702817557761888,0.05724380567423743,0.09897073560472745,0.0,0.0,0.0,1.0,,0
FP16,B10,60817408,-1.6864593574390364e-05,0.014646968826915671,0.019420293002283543,0.0194202856796708,-0.578125,0.609375,0.609375,1.6278234021417026e-06,0,0.0,0.011539735636076276,0.058829939772281827,0.09822035140434869,0.0,0.0,0.0,1.0,,0
FP16,B11,60817408,-8.685505059506325e-06,0.015102372000510827,0.0198628799643128,0.01986287806534342,-0.6484375,0.640625,0.6484375,1.4469541352370689e-06,0,0.0,0.012011522853334478,0.059199271558637905,0.09642515441800455,0.0,0.0,0.0,1.0,,0
FP16,B12,60817408,-9.29118544161548e-06,0.01525466309924037,0.020032681452941323,0.02003267929830886,-0.75390625,0.69921875,0.75390625,1.4140688139816811e-06,0,0.0,0.012172492059667372,0.05894740242573066,0.09843023006393294,0.0,0.0,0.0,1.0,,0
FP16,B13,60817408,-9.03652175628818e-06,0.015428057511567674,0.020104964296535504,0.020104962265725394,-0.62109375,0.66796875,0.66796875,1.1674289045662714e-06,0,0.0,0.01240887432256155,0.05831254368655754,0.09261520363421785,0.0,0.0,0.0,1.0,,0
FP16,B14,60817408,-1.4494023511995943e-05,0.015582810060253442,0.020477401096637083,0.0204773959671594,-0.80078125,0.7265625,0.80078125,1.5291674383755388e-06,0,0.0,0.012437280995567724,0.060404282466006834,0.09981148992853135,0.0,0.0,0.0,1.0,,0
FP16,B15,60817408,-7.706963920139154e-06,0.015849398411688753,0.02107859802571649,0.02107859661676854,-1.234375,1.0234375,1.234375,1.1016582620554957e-06,0,0.0,0.01252063897876452,0.06217770800161524,0.10425425492010248,0.0,0.0,0.0,1.0,,0
FP16,B02,60817408,-1.7166067256515944e-05,0.01459289926695474,0.019228620659770178,0.019228612997392074,-0.5703125,0.53515625,0.5703125,1.5456100990032327e-06,0,0.0,0.011587115593770339,0.05700802966472533,0.09389780322978482,0.0,0.0,0.0,1.0,,0
FP16,B03,60817408,-9.55089918447968e-06,0.014768211231735849,0.01955512818767294,0.01955512585530059,-0.431640625,0.5078125,0.5078125,1.5127247777478449e-06,0,0.0,0.011617263589628954,0.059618642171627184,0.09530999185467605,0.0,0.0,0.0,1.0,,0
FP16,B04,60817408,-3.0847306923196186e-05,0.014750466858116781,0.01963886853681523,0.019638844310446754,-0.42578125,0.51171875,0.51171875,1.4798394564924569e-06,0,0.0,0.011488462626796907,0.0601882552574077,0.09465174494155533,0.0,0.0,0.0,1.0,,0
FP16,B05,60817408,-2.6141422115846708e-05,0.014338164563834598,0.0190670842368872,0.01906706631662569,-1.1328125,1.078125,1.1328125,1.6278234021417026e-06,0,0.0,0.011209974481369879,0.05808528985627328,0.093117189198765,0.0,0.0,0.0,1.0,,0
FP16,B06,60817408,-2.3938846761313533e-05,0.014101862984151224,0.018767398030932296,0.018767382763269287,-0.64453125,0.52734375,0.64453125,1.5291674383755388e-06,0,0.0,0.011046041868354884,0.05681131477795238,0.0944355301343911,0.0,0.0,0.0,1.0,,0
FP16,B07,60817408,-1.4118674551684371e-05,0.014171756899631403,0.018957123863950414,0.018957118606375473,-0.59375,0.5078125,0.59375,1.4469541352370689e-06,0,0.0,0.01105549149043224,0.05810739562859888,0.0997518392251284,0.0,0.0,0.0,1.0,,0
FP16,B08,60817408,-2.40735748942088e-05,0.014130278699235336,0.018818048076963686,0.018818032678521644,-0.51171875,0.58203125,0.58203125,1.6113807415140087e-06,0,0.0,0.011078373546694359,0.056660905152963854,0.09540355842708975,0.0,0.0,0.0,1.0,,0
FP16,B09,60817408,-3.550106145337787e-05,0.014754297343691977,0.01976031513021745,0.019760283239876303,-0.51171875,0.56640625,0.56640625,1.874463311557112e-06,0,0.0,0.011504240011918885,0.060523464867719944,0.10383678732451744,0.0,0.0,0.0,1.0,,0
INT4,auxiliary,67616,0.4772857515507969,0.47866470500569214,0.7497591177742298,0.5782188565346018,-0.62890625,32.0,32.0,0.0,0,0.0,0.42476643524116636,2.585129571768798,2.8093135727429934,0.0,0.0,0.0,1.0,,0
INT4,E,262668288,-0.00011808374625242161,0.017104928216296517,0.022110658718146645,0.022110343398039415,-0.3125,0.375,0.375,0.1727765325062765,45382623,0.17277541703092839,0.016742713584464095,0.06331965997301679,0.08648995447880511,0.002855477184904496,0.029296875,0.1303466396490742,0.9916261038772837,17.698003210231523,0
INT4,B00,60817408,-5.523304872471711e-06,0.014938403836226669,0.020651768461087353,0.020651767722484813,-0.75,0.625,0.75,0.1771426036440093,10773266,0.17714115668987407,0.015637774259445465,0.06872914156889987,0.1346552500532643,0.002665695478553087,0.0625,0.1303408652896378,0.9916352836240122,17.698388003885636,0
INT4,B01,60817408,-1.457142483057647e-06,0.014639301490488237,0.01964318548209933,0.019643185428053506,-1.25,1.0,1.25,0.1737751631901182,10568472,0.1737737984492861,0.015627384617830083,0.06208077946646479,0.10174950970994757,0.0025089119695352797,0.125,0.12895990085171366,0.9918106890046975,17.790906188752736,0
INT4,B10,60817408,-2.5676555353505857e-05,0.014546086971551693,0.01960915212222302,0.01960913531155795,-0.625,0.625,0.625,0.17614058790535764,10712315,0.17613896008195548,0.01264702290095357,0.06432185365311267,0.10115913486415914,0.0025348216537439522,0.061279296875,0.13052437743580358,0.9916105654981925,17.686167391471916,0
INT4,B11,60817408,-1.6230142450538174e-05,0.015004557380773898,0.020055637211479085,0.02005563064430886,-0.625,0.625,0.625,0.17358737156308932,10557046,0.17358592460895406,0.015791417736762504,0.06471797385242936,0.09987370969455588,0.00256536216499833,0.0615234375,0.12915358546230254,0.9917864706680244,17.777870655492148,0
INT4,B12,60817408,-1.652359737661378e-05,0.015157096706138089,0.020225220702403054,0.02022521395267904,-0.75,0.75,0.75,0.17229828341253872,10478649,0.17229686934372473,0.01586290561310954,0.06427068854942421,0.10130579239939748,0.0025786064750968818,0.06103515625,0.12871998594667788,0.991840196705696,17.80708032648392,0
INT4,B13,60817408,-1.7229435515814815e-05,0.015329976566135883,0.0202981358689316,0.02029812855659751,-0.625,0.625,0.625,0.17176078927928004,10445975,0.17175962185037547,0.015975278599748528,0.06303101173051708,0.09689109298500481,0.002583530720845589,0.0625,0.12850212926221333,0.9918678942057071,17.82179352149133,0
INT4,B14,60817408,-2.2329638936910137e-05,0.015477727078993258,0.02067574308268678,0.02067573102476658,-0.75,0.75,0.75,0.17414170298083076,10590754,0.17414017381339236,0.015997115082055976,0.06615674772610633,0.10247261424010849,0.0026664296125372237,0.0625,0.13021328243529498,0.9916500357226117,17.706894264029827,0
INT4,B15,60817408,-1.665590138270937e-05,0.015737285468213517,0.021284595844733138,0.02128458932783483,-1.25,1.0,1.25,0.17708368959098025,10769704,0.17708258793271822,0.016055224947444713,0.06834478999489021,0.10793947827267027,0.00276903537268939,0.125,0.13136715114122335,0.9915021382901997,17.63026436395681,0
INT4,B02,60817408,-2.467590544758172e-05,0.014495280330422623,0.01941819182401125,0.019418176145400156,-0.625,0.5,0.625,0.17475059114653488,10627784,0.1747490455364359,0.012740253953948087,0.06178904270613406,0.0979467207563445,0.0025132224435056778,0.0625,0.1307021698526615,0.9915899820881521,17.674344048356193,0
INT4,B03,60817408,-1.8035752120716818e-05,0.014666183257539725,0.01974673363599108,0.019746725399478946,-0.4375,0.5,0.5,0.17658547697396115,10739379,0.17658396424918338,0.013023297679002602,0.06534660870706002,0.09897042982702527,0.0025582628225535044,0.0595703125,0.13082311698504584,0.9915732259747255,17.66631015204331,0
INT4,B04,60817408,-4.051482818763831e-05,0.014644246981960946,0.01983116312147372,0.019831121735776728,-0.4375,0.5,0.5,0.17794561386108398,10822101,0.17794413402162748,0.012670716092328976,0.06600468149962992,0.09850653866041743,0.002589129317004412,0.046630859375,0.13183699010718478,0.9914412443753524,17.59925441311552,0
INT4,B05,60817408,-3.485743695035063e-05,0.014236458874275458,0.019253976852235684,0.019253945299224178,-1.25,1.0,1.25,0.17755510067117625,10798342,0.17755347284777412,0.01173494672807882,0.06328280884261785,0.09727450481366139,0.0025086076952117124,0.1171875,0.13156745226721964,0.9914765860279102,17.61703070213536,0
INT4,B06,60817408,-3.274148811811003e-05,0.014001212829467037,0.01895069031780754,0.01895066203372326,-0.625,0.5,0.625,0.17800153534987878,10825499,0.17800000618244038,0.011274896188683374,0.06125347894796916,0.0982716192810381,0.00246767631816212,0.05908203125,0.13148739713917257,0.9914863732745025,17.62231743248999,0
INT4,B07,60817408,-2.278544907939845e-05,0.01406898142384558,0.01914263589889233,0.019142622338145617,-0.625,0.5,0.625,0.17934222056947904,10907041,0.1793407736153438,0.011243734918876754,0.06352187635803104,0.10217703633961533,0.002492596535378543,0.059814453125,0.13148600775450747,0.9914869046350346,17.62240921395261,0
INT4,B08,60817408,-3.305604231768641e-05,0.014023781208128765,0.019004520117970398,0.019004491369473898,-0.5,0.625,0.625,0.18084188987468852,10998237,0.180840278493947,0.011263912892352025,0.061142442789152554,0.09905165211474125,0.0025049061651759965,0.0625,0.133111901666486,0.9912761535159188,17.51566224182153,0
INT4,B09,60817408,-4.379597396172326e-05,0.014649499223792347,0.019953597626058143,0.019953549562303392,-0.5,0.625,0.625,0.1781601412542935,10835124,0.17815826679098196,0.01258993276442321,0.06646372617135424,0.10503261714216346,0.0025945036440241736,0.0615234375,0.13129869776503017,0.9915111952985408,17.6347916253949,0
INT8,auxiliary,67616,0.4772857515507969,0.47866470500569214,0.7497591177742298,0.5782188565346018,-0.62890625,32.0,32.0,0.0,0,0.0,0.42476643524116636,2.585129571768798,2.8093135727429934,0.0,0.0,0.0,1.0,,0
INT8,E,262668288,-0.00010682409768645278,0.01727359951101987,0.02196914681561001,0.021968887100123683,-0.3046875,0.34765625,0.34765625,0.010906691560726205,2864549,0.010905576085378073,0.014497137964044698,0.060226482441105796,0.08387200790316546,0.0001853501612753396,0.001953125,0.008460852290599731,0.9999683475252074,41.45171773576604,0
INT8,B00,60817408,1.8877838336830508e-06,0.015086214627131242,0.020510112325709914,0.02051011223883258,-0.7109375,0.65625,0.7109375,0.011424968982564992,694749,0.011423522028429755,0.01186347719181903,0.06286345453889776,0.12282339718078199,0.00017380230086079675,0.00390625,0.008498173353177733,0.999968056962415,41.4134882807441,0
INT8,B01,60817408,6.313954584364747e-06,0.01477619376362719,0.01951045496118159,0.019510453939523623,-1.125,1.03125,1.125,0.011103317655366042,675192,0.011101952914533943,0.011838686717167063,0.057626583997058646,0.09945567699918022,0.00016324129008270537,0.0078125,0.008390721093283655,0.9999689521946435,41.52401429146661,0
INT8,B10,60817408,-1.6868140564524923e-05,0.014687801546674093,0.01947563630768718,0.019475629002811103,-0.578125,0.609375,0.609375,0.011155720414786503,678363,0.01115409259138436,0.011657355653181848,0.05916627218111942,0.0987028094153446,0.00016463995741059919,0.00390625,0.008477727776364647,0.9999682152303386,41.43441065868408,0
INT8,B11,60817408,-8.715309628189125e-06,0.015144515099156455,0.019919510759187152,0.01991950885259852,-0.6484375,0.640625,0.6484375,0.010982118803879311,667816,0.010980671849744073,0.012165394148811785,0.05952240763857047,0.09694253181695613,0.00016673715719189988,0.00390625,0.008394409949185257,0.9999689199008333,41.52019650825278,0
INT8,B12,60817408,-9.32467709985915e-06,0.015297213280754132,0.02008978751930524,0.02008978535528017,-0.7578125,0.703125,0.7578125,0.010907880191145271,663303,0.010906466122331291,0.012341384173165727,0.059270481795413534,0.09890276435332798,0.00016773111333847626,0.00390625,0.008372873782897841,0.99996909866994,41.54250911051499,0
INT8,B13,60817408,-9.065998742228438e-06,0.015471100264252967,0.020162286616865765,0.020162284578596524,-0.625,0.671875,0.671875,0.01084136962890625,659273,0.010840202200001684,0.012594835028362368,0.05863568233504077,0.09319958566809262,0.0001680296362728642,0.00390625,0.008357619232470815,0.9999692273732828,41.558348378142476,0
INT8,B14,60817408,-1.4521773194027101e-05,0.015626290424201026,0.020535829155023475,0.020535824020535807,-0.8046875,0.7265625,0.8046875,0.011013935352193898,669746,0.011012406184755522,0.012623364393906654,0.06068519780229845,0.10028010847665711,0.00017339095853194302,0.00390625,0.008467429910352164,0.9999683123745827,41.44496779133013,0
INT8,B15,60817408,-7.738682425356117e-06,0.01589359529115709,0.02113863021935576,0.02113862880282103,-1.234375,1.03125,1.234375,0.011209948309536638,681693,0.011208846651274583,0.012709338808091768,0.06240808781395034,0.10468101075152926,0.00017986666116541754,0.0078125,0.008533141575448952,0.9999677402226147,41.37782097642214,0
INT8,B02,60817408,-1.7225623917605343e-05,0.014633621256758362,0.019283436218467682,0.019283428524761663,-0.5703125,0.5390625,0.5703125,0.01108758202914534,674224,0.011086036419046336,0.011711160896731267,0.057387679777235134,0.09444128568175601,0.0001631861331553653,0.00390625,0.008486627098363888,0.9999681427204584,41.425297605296485,0
INT8,B03,60817408,-9.605603830503492e-06,0.014809375768326673,0.01961089984690112,0.019610897494443273,-0.43359375,0.5078125,0.5078125,0.011196646197088834,680859,0.011195133472311086,0.01173712489589911,0.059934186106553856,0.09583778129832567,0.00016610314615606015,0.003662109375,0.008494096513300659,0.9999680832048623,41.41765617381572,0
INT8,B04,60817408,-3.091521472830711e-05,0.014791555642471489,0.01969481697080282,0.019694792706777115,-0.42578125,0.515625,0.515625,0.011256300169846108,684489,0.011254820330389615,0.011595216128473746,0.060477278439222695,0.0952314131244419,0.00016805691648799496,0.00390625,0.008557362465813836,0.9999675362669854,41.35320144255863,0
INT8,B05,60817408,-2.6222163357707706e-05,0.014378168068701755,0.01912150485838259,0.0191214868785693,-1.140625,1.078125,1.140625,0.011257451156090045,684550,0.011255823332687905,0.011301404225414341,0.058432972653419055,0.09368660853776704,0.00016292750269705276,0.0078125,0.00854496160361284,0.9999676572586162,41.36579768841792,0
INT8,B06,60817408,-2.3993267577366326e-05,0.014141173509917029,0.01882089082359437,0.018820875530027016,-0.6484375,0.53125,0.6484375,0.011285140596587083,686240,0.011283611429148707,0.011128049507683844,0.057190508630955025,0.09494787891801978,0.0001601510895247718,0.00390625,0.008533473274281916,0.9999677439733251,41.37748334655448,0
INT8,B07,60817408,-1.4148330404262605e-05,0.014211245896776432,0.01901117791458098,0.019011172649907697,-0.59375,0.5078125,0.59375,0.011350533057903421,690222,0.011349086103768185,0.011139832993081399,0.05846544142590308,0.10022617913133162,0.00016187448055606258,0.00390625,0.008538978893517134,0.9999677002158406,41.371881198456,0
INT8,B08,60817408,-2.416448390657275e-05,0.014169661431565303,0.01887175401006044,0.018871738539253606,-0.515625,0.5859375,0.5859375,0.011474000996556776,697721,0.011472389615815261,0.011165505201747151,0.05704798745923222,0.09590866141676048,0.00016257155263383138,0.00390625,0.008639129412834538,0.9999668498708884,41.270600405634966,0
INT8,B09,60817408,-3.559826090450174e-05,0.014795406441533425,0.0198166373684079,0.01981660539433535,-0.515625,0.5703125,0.5703125,0.011287606995681236,686369,0.01128573253236968,0.011618155272544829,0.06082500442963468,0.10432860164798508,0.00016843795339518508,0.00390625,0.008524051984252518,0.9999678239994084,41.38707820776964,0
