case	model	method	bits	dim
gpt2-potal4-d16	gpt2	PoTal	4	16
gpt2-potal4-d32	gpt2	PoTal	4	32
gpt2-potal4-d64	gpt2	PoTal	4	64
gpt2-potal8-d16	gpt2	PoTal	8	16
gpt2-potal8-d32	gpt2	PoTal	8	32
gpt2-potal8-d64	gpt2	PoTal	8	64
gpt2-rtnwa1-4	gpt2	RTN-WA1	4	16
gpt2-rtnwa1-8	gpt2	RTN-WA1	8	16
llama-rtnwa1-4	llama	RTN-WA1	4	16
llama-rtnwa1-8	llama	RTN-WA1	8	16
gpt2-rtnwa2-4-d16	gpt2	RTN-WA2	4	16
gpt2-rtnwa2-4-d32	gpt2	RTN-WA2	4	32
gpt2-rtnwa2-4-d64	gpt2	RTN-WA2	4	64
gpt2-rtnwa2-8-d16	gpt2	RTN-WA2	8	16
gpt2-rtnwa2-8-d32	gpt2	RTN-WA2	8	32
gpt2-rtnwa2-8-d64	gpt2	RTN-WA2	8	64
llama-rtnwa2-4-d16	llama	RTN-WA2	4	16
llama-rtnwa2-4-d32	llama	RTN-WA2	4	32
llama-rtnwa2-4-d64	llama	RTN-WA2	4	64
llama-rtnwa2-8-d16	llama	RTN-WA2	8	16
llama-rtnwa2-8-d32	llama	RTN-WA2	8	32
llama-rtnwa2-8-d64	llama	RTN-WA2	8	64
